first_name,last_name,full_name,cand_id,2017_aclu_score,2017_aclu_vote_office,2019_environment_score,2019_environment_vote_office,2017_naacp_score,2017_naacp_vote_office
Bradley,Byrne,"Byrne, Bradley",H4AL01123,0.04,HOUSE,0.03,HOUSE,0.06,HOUSE
Martha,Roby,"Roby, Martha",H0AL02087,0.03,HOUSE,0.03,HOUSE,0.09,HOUSE
Mike,Rogers,"Rogers, Mike",H2AL03032,0.04,HOUSE,0.03,HOUSE,0.13,HOUSE
Robert,Aderholt,"Aderholt, Robert",H6AL04098,0.04,HOUSE,0.03,HOUSE,0.09,HOUSE
Mo,Brooks,"Brooks, Mo",H0AL05163,0.11,HOUSE,0.03,HOUSE,0.06,HOUSE
Gary,Palmer,"Palmer, Gary",H4AL06098,0.07,HOUSE,0,HOUSE,0.06,HOUSE
Terri,Sewell,"Sewell, Terri",H0AL07086,0.79,HOUSE,0.97,HOUSE,0.94,HOUSE
Don,Young,"Young, Don",H6AK00045,0.15,HOUSE,0.1,HOUSE,0.19,HOUSE
Tom,O'Halleran,"O'Halleran, Tom",H6AZ01199,0.68,HOUSE,0.97,HOUSE,0.88,HOUSE
Ann,Kirkpatrick,"Kirkpatrick, Ann",H8AZ01104,,,0.95,HOUSE,,
Martha,McSally,"McSally, Martha",S8AZ00221,0.07,HOUSE,,,0.13,HOUSE
Raúl,Grijalva,"Grijalva, Raúl",H2AZ07070,0.89,HOUSE,0.97,HOUSE,1,HOUSE
Paul,Gosar,"Gosar, Paul",H0AZ01259,0.29,HOUSE,,,0.09,HOUSE
Andy,Biggs,"Biggs, Andy",H6AZ05083,0.26,HOUSE,0,HOUSE,0.09,HOUSE
David,Schweikert,"Schweikert, David",H4AZ06045,0.18,HOUSE,0.14,HOUSE,0.06,HOUSE
Ruben,Gallego,"Gallego, Ruben",H4AZ07043,0.89,HOUSE,0.97,HOUSE,1,HOUSE
Debbie,Lesko,"Lesko, Debbie",H8AZ08158,,,0.03,HOUSE,,
Kyrsten,Sinema,"Sinema, Kyrsten",H2AZ09019,0.64,HOUSE,,,0.72,HOUSE
Greg,Stanton,"Stanton, Greg",H8AZ09040,,,0.97,HOUSE,,
Rick,Crawford,"Crawford, Rick",H0AR01083,0.04,HOUSE,0.07,HOUSE,0.09,HOUSE
French,Hill,"Hill, French",H4AR02141,0.11,HOUSE,0.1,HOUSE,0.09,HOUSE
Steve,Womack,"Womack, Steve",H0AR03055,0.04,HOUSE,0.07,HOUSE,0.09,HOUSE
Bruce,Westerman,"Westerman, Bruce",H4AR04048,0.07,HOUSE,0.03,HOUSE,0.09,HOUSE
Doug,LaMalfa,"LaMalfa, Doug",H2CA02142,0.04,HOUSE,0.07,HOUSE,0.06,HOUSE
Jared,Huffman,"Huffman, Jared",H2CA06259,0.93,HOUSE,1,HOUSE,0.97,HOUSE
John,Garamendi,"Garamendi, John",H0CA10149,0.75,HOUSE,0.87,HOUSE,0.94,HOUSE
Tom,McClintock,"McClintock, Tom",H8CA04152,0.21,HOUSE,0.03,HOUSE,0.06,HOUSE
Mike,Thompson,"Thompson, Mike",H8CA01109,0.75,HOUSE,0.9,HOUSE,0.94,HOUSE
Doris,Matsui,"Matsui, Doris",H6CA05195,0.89,HOUSE,0.97,HOUSE,0.97,HOUSE
Ami,Bera,"Bera, Ami",H0CA03078,0.71,HOUSE,0.97,HOUSE,0.88,HOUSE
Paul,Cook,"Cook, Paul",H2CA08164,0.07,HOUSE,0.14,HOUSE,0.19,HOUSE
Jerry,McNerney,"McNerney, Jerry",H4CA11081,0.88,HOUSE,0.97,HOUSE,0.97,HOUSE
Jeff,Denham,"Denham, Jeff",H0CA19173,0.11,HOUSE,,,0.22,HOUSE
Josh,Harder,"Harder, Josh",H8CA10126,,,0.97,HOUSE,,
Mark,DeSaulnier,"DeSaulnier, Mark",H0CA10073,0.96,HOUSE,1,HOUSE,1,HOUSE
Nancy,Pelosi,"Pelosi, Nancy",H8CA05035,0.77,HOUSE,,,0.97,HOUSE
Barbara,Lee,"Lee, Barbara",H8CA09060,0.96,HOUSE,1,HOUSE,1,HOUSE
Jackie,Speier,"Speier, Jackie",H8CA12171,0.82,HOUSE,0.93,HOUSE,0.81,HOUSE
Eric,Swalwell,"Swalwell, Eric",H2CA15094,0.78,HOUSE,0.62,HOUSE,0.88,HOUSE
Jim,Costa,"Costa, Jim",H4CA20082,0.6,HOUSE,0.79,HOUSE,0.59,HOUSE
Ro,Khanna,"Khanna, Ro",H4CA12055,0.93,HOUSE,0.97,HOUSE,1,HOUSE
Anna,Eshoo,"Eshoo, Anna",H8CA12098,0.86,HOUSE,0.93,HOUSE,0.94,HOUSE
Zoe,Lofgren,"Lofgren, Zoe",H4CA16049,0.91,HOUSE,0.93,HOUSE,1,HOUSE
Jimmy,Panetta,"Panetta, Jimmy",H6CA20152,0.79,HOUSE,0.97,HOUSE,0.97,HOUSE
David,Valadao,"Valadao, David",H2CA20094,0.04,HOUSE,,,0.22,HOUSE
TJ,Cox,"Cox, TJ",H8CA10167,,,0.97,HOUSE,,
Devin,Nunes,"Nunes, Devin",H8CA20059,0.04,HOUSE,0,HOUSE,0.13,HOUSE
Kevin,McCarthy,"McCarthy, Kevin",H6CA22125,0.73,HOUSE,0.03,HOUSE,0.09,HOUSE
Salud,Carbajal,"Carbajal, Salud",H6CA24303,0.73,HOUSE,0.97,HOUSE,0.91,HOUSE
Steve,Knight,"Knight, Steve",H4CA25123,0.07,HOUSE,,,0.19,HOUSE
Mike,Garcia,"Garcia, Mike",H0CA25162,,,,,,
Julia,Brownley,"Brownley, Julia",H2CA00120,0.79,HOUSE,0.97,HOUSE,0.94,HOUSE
Judy,Chu,"Chu, Judy",H0CA32101,0.89,HOUSE,0.97,HOUSE,1,HOUSE
Adam,Schiff,"Schiff, Adam",H0CA27085,0.79,HOUSE,0.97,HOUSE,0.97,HOUSE
Tony,Cárdenas,"Cárdenas, Tony",H2CA28113,0.88,HOUSE,1,HOUSE,0.94,HOUSE
Brad,Sherman,"Sherman, Brad",H6CA24113,0.86,HOUSE,0.93,HOUSE,1,HOUSE
Pete,Aguilar,"Aguilar, Pete",H2CA31125,0.75,HOUSE,0.93,HOUSE,0.88,HOUSE
Grace,Napolitano,"Napolitano, Grace",H8CA34068,0.86,HOUSE,0.97,HOUSE,0.78,HOUSE
Ted,Lieu,"Lieu, Ted",H4CA33119,0.87,HOUSE,0.93,HOUSE,0.97,HOUSE
Jimmy,Gomez,"Gomez, Jimmy",H8CA34266,0.93,HOUSE,0.97,HOUSE,,HOUSE
Norma,Torres,"Torres, Norma",H4CA35031,0.81,HOUSE,0.97,HOUSE,0.91,HOUSE
Raul,Ruiz,"Ruiz, Raul",H0CA36177,0.71,HOUSE,0.97,HOUSE,0.94,HOUSE
Karen,Bass,"Bass, Karen",H0CA33117,0.92,HOUSE,0.93,HOUSE,0.91,HOUSE
Linda,Sánchez,"Sánchez, Linda",H2CA39078,0.89,HOUSE,0.97,HOUSE,1,HOUSE
Gil,Cisneros,"Cisneros, Gil",H8CA39174,,,0.97,HOUSE,,
Ed,Royce,"Royce, Ed",H6CA39020,0.04,HOUSE,,,0.09,HOUSE
Lucille,Roybal-Allard,"Roybal-Allard, Lucille",H2CA33048,0.89,HOUSE,0.97,HOUSE,1,HOUSE
Mark,Takano,"Takano, Mark",H2CA43245,0.93,HOUSE,0.97,HOUSE,1,HOUSE
Ken,Calvert,"Calvert, Ken",H0CA42209,0.04,HOUSE,0.14,HOUSE,0.13,HOUSE
Maxine,Waters,"Waters, Maxine",H4CA23011,0.89,HOUSE,0.97,HOUSE,1,HOUSE
Nanette,Barragán,"Barragán, Nanette",H6CA44103,0.93,HOUSE,1,HOUSE,1,HOUSE
Mimi,Walters,"Walters, Mimi",H4CA45097,0.04,HOUSE,,,0.06,HOUSE
Katie,Porter,"Porter, Katie",H8CA45130,,,0.9,HOUSE,,
Lou,Correa,"Correa, Lou",H6CA46116,0.75,HOUSE,0.93,HOUSE,0.75,HOUSE
Alan,Lowenthal,"Lowenthal, Alan",H2CA00104,0.89,HOUSE,1,HOUSE,0.97,HOUSE
Dana,Rohrabacher,"Rohrabacher, Dana",H8CA42061,0.21,HOUSE,,,0.19,HOUSE
Darrell,Issa,"Issa, Darrell",H0CA48024,0.09,HOUSE,,,0.13,HOUSE
Duncan,Hunter,"Hunter, Duncan",H8CA52052,0.04,HOUSE,0.07,HOUSE,0.13,HOUSE
Harley,Rouda,"Rouda, Harley",H8CA48035,,,0.86,HOUSE,,
Mike,Levin,"Levin, Mike",H8CA49058,,,0.97,HOUSE,,
Juan,Vargas,"Vargas, Juan",H2CA50026,0.89,HOUSE,0.96,HOUSE,0.94,HOUSE
Scott,Peters,"Peters, Scott",H2CA52089,0.71,HOUSE,0.97,HOUSE,0.84,HOUSE
Susan,Davis,"Davis, Susan",H0CA49055,0.86,HOUSE,0.93,HOUSE,0.94,HOUSE
Diana,DeGette,"DeGette, Diana",H6CO01141,0.92,HOUSE,0.97,HOUSE,0.94,HOUSE
Joe,Neguse,"Neguse, Joe",H8CO02160,,,0.97,HOUSE,,
Scott,Tipton,"Tipton, Scott",H6CO03139,0.07,HOUSE,0.07,HOUSE,0.09,HOUSE
Ken,Buck,"Buck, Ken",H4CO04090,0.09,HOUSE,0,HOUSE,0.06,HOUSE
Doug,Lamborn,"Lamborn, Doug",H6CO05159,0.11,HOUSE,0.07,HOUSE,0.06,HOUSE
Mike,Coffman,"Coffman, Mike",H8CO06138,0.21,HOUSE,,,0.13,HOUSE
Jason,Crow,"Crow, Jason",H8CO06229,,,0.97,HOUSE,,
Ed,Perlmutter,"Perlmutter, Ed",H6CO07023,0.75,HOUSE,0.97,HOUSE,0.91,HOUSE
John B.,Larson,"Larson, John B.",H8CT01046,0.8,HOUSE,0.96,HOUSE,0.91,HOUSE
Joe,Courtney,"Courtney, Joe",H2CT02112,0.78,HOUSE,0.93,HOUSE,0.91,HOUSE
Rosa,DeLauro,"DeLauro, Rosa",H0CT03072,0.79,HOUSE,0.97,HOUSE,0.91,HOUSE
Jim,Himes,"Himes, Jim",H8CT04172,0.79,HOUSE,0.97,HOUSE,0.94,HOUSE
Elizabeth,Esty,"Esty, Elizabeth",H2CT05131,0.79,HOUSE,,,0.94,HOUSE
Jahana,Hayes,"Hayes, Jahana",H8CT05245,,,0.97,HOUSE,,
Lisa,Blunt Rochester,"Blunt Rochester, Lisa",H6DE00206,0.79,HOUSE,0.97,HOUSE,0.94,HOUSE
Matt,Gaetz,"Gaetz, Matt",H6FL01119,0.09,HOUSE,0.24,HOUSE,0.06,HOUSE
Neal,Dunn,"Dunn, Neal",H6FL02208,0.04,HOUSE,0.1,HOUSE,0.09,HOUSE
Ted,Yoho,"Yoho, Ted",H2FL06109,0.15,HOUSE,0.07,HOUSE,0.09,HOUSE
John,Rutherford,"Rutherford, John",H6FL04105,0.03,HOUSE,0.17,HOUSE,0.09,HOUSE
Al,Lawson,"Lawson, Al",H0FL02086,0.67,HOUSE,0.97,HOUSE,0.81,HOUSE
Michael,Waltz,"Waltz, Michael",H8FL06148,,,0.34,HOUSE,,
Stephanie,Murphy,"Murphy, Stephanie",H6FL07140,0.64,HOUSE,0.97,HOUSE,0.81,HOUSE
Bill,Posey,"Posey, Bill",H8FL15107,0.17,HOUSE,0.14,HOUSE,0.06,HOUSE
Darren,Soto,"Soto, Darren",H6FL09179,0.86,HOUSE,0.97,HOUSE,0.94,HOUSE
Val,Demings,"Demings, Val",H2FL08063,0.69,HOUSE,0.97,HOUSE,0.94,HOUSE
Daniel,Webster,"Webster, Daniel",H0FL08208,0.15,HOUSE,0.14,HOUSE,0.13,HOUSE
Gus,Bilirakis,"Bilirakis, Gus",H6FL09070,0.04,HOUSE,0.21,HOUSE,0.09,HOUSE
Charlie,Crist,"Crist, Charlie",H6FL13205,0.69,HOUSE,0.97,HOUSE,0.84,HOUSE
Kathy,Castor,"Castor, Kathy",H6FL11126,0.75,HOUSE,0.97,HOUSE,0.97,HOUSE
Ross,Spano,"Spano, Ross",H8FL15230,,,0.1,HOUSE,,
Vern,Buchanan,"Buchanan, Vern",H6FL13148,0.07,HOUSE,0.31,HOUSE,0.13,HOUSE
Tom,"Ronney, ","Ronney, Tom",H8FL16022,0.04,HOUSE,,,0.09,HOUSE
Greg,Steube,"Steube, Greg",H8FL17053,,,0.07,HOUSE,,
Brian,Mast,"Mast, Brian",H6FL18097,0.14,HOUSE,0.38,HOUSE,0.16,HOUSE
Francis,Rooney,"Rooney, Francis",H6FL19087,0.04,HOUSE,0.59,HOUSE,0.06,HOUSE
Alcee,Hastings,"Hastings, Alcee",H2FL23021,0.92,HOUSE,0.93,HOUSE,0.88,HOUSE
Lois,Frankel,"Frankel, Lois",H2FL14053,0.83,HOUSE,0.96,HOUSE,0.88,HOUSE
Ted,Deutch,"Deutch, Ted",H0FL19080,0.77,HOUSE,0.97,HOUSE,0.88,HOUSE
Debbie,Wasserman Schultz,"Wasserman Schultz, Debbie",H4FL20023,0.77,HOUSE,0.93,HOUSE,0.94,HOUSE
Frederica,Wilson,"Wilson, Frederica",H0FL17068,0.88,HOUSE,0.93,HOUSE,0.97,HOUSE
Mario,Díaz-Balart,"Díaz-Balart, Mario",H2FL25018,0.13,HOUSE,0.28,HOUSE,0.31,HOUSE
Carlos,Curbelo,"Curbelo, Carlos",H4FL26038,0.24,HOUSE,,,0.39,HOUSE
Debbie,Mucarsel-Powell,"Mucarsel-Powell, Debbie",H8FL26039,,,0.97,HOUSE,,
Donna,Shalala,"Shalala, Donna",H8FL27193,,,0.97,HOUSE,,
Buddy,Carter,"Carter, Buddy",H4GA01039,0.04,HOUSE,0.17,HOUSE,0.06,HOUSE
Sanford,Bishop,"Bishop, Sanford",H2GA02031,0.77,HOUSE,0.93,HOUSE,0.81,HOUSE
Drew,Ferguson,"Ferguson, Drew",H0GA10269,0.04,HOUSE,0.07,HOUSE,0.13,HOUSE
Hank,Johnson,"Johnson, Hank",H6GA04129,0.82,HOUSE,0.97,HOUSE,1,HOUSE
John,Lewis,"Lewis, John",H6GA05217,0.89,HOUSE,0.9,HOUSE,0.97,HOUSE
Lucy,McBath,"McBath, Lucy",H8GA06393,,,0.97,HOUSE,,
Karen,Handel,"Handel, Karen",H8GA06286,0,HOUSE,,,,HOUSE
Rob,Woodall,"Woodall, Rob",H0GA07133,0.07,HOUSE,0.1,HOUSE,0.09,HOUSE
Austin,Scott,"Scott, Austin",H0GA08099,0.04,HOUSE,0.07,HOUSE,0.13,HOUSE
Doug,Collins,"Collins, Doug",H2GA09150,0.03,HOUSE,0.07,HOUSE,0.13,HOUSE
Jody,Hice,"Hice, Jody",H0GA07125,0.11,HOUSE,0,HOUSE,0.06,HOUSE
Barry,Loudermilk,"Loudermilk, Barry",H4GA11061,0.22,HOUSE,0.07,HOUSE,0.06,HOUSE
Rick W,Allen,"Allen, Rick W",H2GA12121,0.07,HOUSE,0.07,HOUSE,0.09,HOUSE
David,Scott,"Scott, David",H2GA13012,0.82,HOUSE,0.97,HOUSE,0.84,HOUSE
Tom,Graves,"Graves, Tom",H0GA09030,0.07,HOUSE,0.07,HOUSE,0.09,HOUSE
Colleen,Hanabusa,"Hanabusa, Colleen",H2HI02110,0.85,HOUSE,,,0.99,HOUSE
Ed,Case,"Case, Ed",H2HI02128,,,0.97,HOUSE,,
Tulsi,Gabbard,"Gabbard, Tulsi",H2HI02508,0.88,HOUSE,0.72,HOUSE,0.97,HOUSE
Russ,Fulcher,"Fulcher, Russ",H8ID01124,,,0.03,HOUSE,,
Raul,Labrador,"Labrador, Raul",H0ID01253,0.21,HOUSE,,,0.08,HOUSE
Mike,Simpson,"Simpson, Mike",H8ID02064,0.04,HOUSE,0.21,HOUSE,0.19,HOUSE
Bobby,Rush,"Rush, Bobby",H2IL01042,0.9,HOUSE,0.97,HOUSE,0.84,HOUSE
Robin,Kelly,"Kelly, Robin",H2IL02172,0.86,HOUSE,0.97,HOUSE,1,HOUSE
Dan,Lipinski,"Lipinski, Dan",H4IL03077,0.46,HOUSE,0.97,HOUSE,0.84,HOUSE
Jesus Chuy,Garcia,"Garcia, Jesus Chuy",H8IL04134,,,1,HOUSE,,
Luis,Gutierrez,"Gutierrez, Luis",H2IL08039,0.89,HOUSE,,,0.88,HOUSE
Mike,Quigley,"Quigley, Mike",H0IL05096,0.75,HOUSE,0.87,HOUSE,0.94,HOUSE
Peter,Roskam,"Roskam, Peter",H6IL06117,0.07,HOUSE,,,0.28,HOUSE
Sean,Casten,"Casten, Sean",H8IL06139,,,0.97,HOUSE,,
Danny K,Davis,"Davis, Danny K",H4IL07037,0.88,HOUSE,0.97,HOUSE,0.88,HOUSE
Raja,Krishnamoorthi,"Krishnamoorthi, Raja",H6IL08147,0.79,HOUSE,0.97,HOUSE,0.97,HOUSE
Jan,Schakowsky,"Schakowsky, Jan",H8IL09067,0.89,HOUSE,0.97,HOUSE,1,HOUSE
Brad,Schneider,"Schneider, Brad",H2IL10068,0.77,HOUSE,0.97,HOUSE,0.91,HOUSE
Bill,Foster,"Foster, Bill",H8IL14067,0.82,HOUSE,0.97,HOUSE,0.91,HOUSE
Mike,Bost,"Bost, Mike",H4IL12060,0.07,HOUSE,0.1,HOUSE,0.22,HOUSE
Rodney,Davis,"Davis, Rodney",H2IL13120,0.07,HOUSE,0.17,HOUSE,0.19,HOUSE
Lauren,Underwood,"Underwood, Lauren",H8IL14174,,,0.97,HOUSE,,
Randy,Hultgren,"Hultgren, Randy",H0IL14080,0.04,HOUSE,,,0.09,HOUSE
John,Shimkus,"Shimkus, John",H2IL20042,0.04,HOUSE,0.1,HOUSE,0.16,HOUSE
Adam,Kinzinger,"Kinzinger, Adam",H0IL11052,0.04,HOUSE,0.14,HOUSE,0.16,HOUSE
Cheri,Bustos,"Bustos, Cheri",H2IL17071,0.75,HOUSE,0.97,HOUSE,0.94,HOUSE
Darin,LaHood,"LaHood, Darin",H6IL18088,0.07,HOUSE,0.07,HOUSE,0.13,HOUSE
Pete,Visclosky,"Visclosky, Pete",H4IN01012,0.86,HOUSE,1,HOUSE,0.97,HOUSE
Jackie,Walorski,"Walorski, Jackie",H0IN02190,0.04,HOUSE,0.1,HOUSE,0.13,HOUSE
Jim,Banks,"Banks, Jim",H6IN03229,0.07,HOUSE,0.03,HOUSE,0.09,HOUSE
Todd,Rokita,"Rokita, Todd",S8IN00189,0.15,HOUSE,,,0.06,HOUSE
Jim,Baird,"Baird, Jim",H8IN04199,,,0.03,HOUSE,,
Susan,Brooks,"Brooks, Susan",H2IN05082,0.04,HOUSE,0.24,HOUSE,0.13,HOUSE
Luke,Messer,"Messer, Luke",H0IN02125,0.07,HOUSE,,,0.06,HOUSE
Greg,Pence,"Pence, Greg",H8IN06129,,HOUSE,0.1,HOUSE,,HOUSE
André,Carson,"Carson, André",H8IN07184,0.83,HOUSE,0.93,HOUSE,0.94,HOUSE
Larry,Bucshon,"Bucshon, Larry",H0IN08114,0.04,HOUSE,0.1,HOUSE,0.19,HOUSE
Trey,Hollingsworth,"Hollingsworth, Trey",H6IN09176,0.07,HOUSE,0.34,HOUSE,0.09,HOUSE
Abby,Finkenauer,"Finkenauer, Abby",H8IA01094,,,0.93,HOUSE,,
Rodney,Blum,"Blum, Rodney",H2IA01055,0.14,HOUSE,,,0.09,HOUSE
Dave,Loebsack,"Loebsack, Dave",H6IA02146,0.79,HOUSE,0.97,HOUSE,0.97,HOUSE
David,Young,"Young, David",H4IA03115,0.07,HOUSE,,,0.16,HOUSE
Cindy,Axne,"Axne, Cindy",H8IA03124,,,0.93,HOUSE,,
Steve,King,"King, Steve",H2IA05072,0.09,HOUSE,0.03,HOUSE,0.09,HOUSE
Roger,Marshall,"Marshall, Roger",H6KS01179,0.04,HOUSE,0.14,HOUSE,0.09,HOUSE
Lynn,Jenkins,"Jenkins, Lynn",H8KS02090,0.07,HOUSE,,,0.06,HOUSE
Kevin,Yoder,"Yoder, Kevin",H0KS03137,0.18,HOUSE,,,0.16,HOUSE
Steve,Watkins,"Watkins, Steve",H8KS02199,,,0.1,HOUSE,,
Sharice,Davids,"Davids, Sharice",H8KS03155,,,0.97,HOUSE,,
Ron,Estes,"Estes, Ron",H8KS04112,0,HOUSE,0.14,HOUSE,,HOUSE
James,Comer,"Comer, James",H6KY01110,0.14,HOUSE,0.07,HOUSE,0.09,HOUSE
Brett,Guthrie,"Guthrie, Brett",H8KY02031,0.04,HOUSE,0.1,HOUSE,0.09,HOUSE
John,Yarmuth,"Yarmuth, John",H6KY03124,0.89,HOUSE,0.93,HOUSE,0.97,HOUSE
Thomas,Massie,"Massie, Thomas",H2KY04121,0.36,HOUSE,0.03,HOUSE,0.25,HOUSE
Hal,Rogers,"Rogers, Hal",H0KY05015,0.04,HOUSE,0.07,HOUSE,0.13,HOUSE
Andy,Barr,"Barr, Andy",H0KY06104,0.04,HOUSE,0.1,HOUSE,0.09,HOUSE
Steve,Scalise,"Scalise, Steve",H0LA01087,0.06,HOUSE,0,HOUSE,0.09,HOUSE
Cedric,Richmond,"Richmond, Cedric",H8LA02054,0.85,HOUSE,0.93,HOUSE,0.91,HOUSE
Clay,Higgins,"Higgins, Clay",H6LA03148,0.07,HOUSE,0.03,HOUSE,0.06,HOUSE
Mike,Johnson,"Johnson, Mike",H6LA04138,0.09,HOUSE,0.03,HOUSE,0.09,HOUSE
Ralph,Abraham,"Abraham, Ralph",H4LA05221,0.07,HOUSE,0,HOUSE,0.06,HOUSE
Garret,Graves,"Graves, Garret",H4LA06153,0.18,HOUSE,0.17,HOUSE,0.09,HOUSE
Chellie,Pingree,"Pingree, Chellie",H8ME01120,0.92,HOUSE,0.97,HOUSE,1,HOUSE
Bruce,Poliquin,"Poliquin, Bruce",H4ME02234,0.07,HOUSE,,,0.19,HOUSE
Jared,Golden,"Golden, Jared",H8ME02185,,,0.97,HOUSE,,
Andy,Harris,"Harris, Andy",H8MD01094,0.14,HOUSE,0,HOUSE,0.06,HOUSE
Dutch,Ruppersberger,"Ruppersberger, Dutch",H2MD02160,0.71,HOUSE,0.97,HOUSE,0.91,HOUSE
John,Sarbanes,"Sarbanes, John",H6MD03292,0.86,HOUSE,0.97,HOUSE,1,HOUSE
Anthony G,Brown,"Brown, Anthony G",H6MD04209,0.81,HOUSE,0.97,HOUSE,1,HOUSE
Steny,Hoyer,"Hoyer, Steny",H2MD05155,0.82,HOUSE,0.97,HOUSE,0.94,HOUSE
John,Delaney,"Delaney, John",H2MD06195,0.75,HOUSE,,,0.94,HOUSE
Elijah,Cummings,"Cummings, Elijah",H6MD07160,0.88,HOUSE,1,HOUSE,0.66,HOUSE
David,Trone,"Trone, David",H6MD08549,,,0.97,HOUSE,,
Jamie,Raskin,"Raskin, Jamie",H6MD08457,0.91,HOUSE,1,HOUSE,1,HOUSE
Richard,Neal,"Neal, Richard",H8MA02041,0.82,HOUSE,0.97,HOUSE,1,HOUSE
Jim,McGovern,"McGovern, Jim",H4MA03022,0.89,HOUSE,1,HOUSE,1,HOUSE
Lori,Trahan,"Trahan, Lori",H8MA03106,,,0.97,HOUSE,,
Joe,Kennedy III,"Kennedy III, Joe",H2MA04073,0.89,HOUSE,1,HOUSE,0.94,HOUSE
Katherine,Clark,"Clark, Katherine",H4MA05084,0.82,HOUSE,0.97,HOUSE,0.97,HOUSE
Seth,Moulton,"Moulton, Seth",H4MA06090,0.82,HOUSE,0.93,HOUSE,1,HOUSE
Michael,Capuano,"Capuano, Michael",H8MA08071,0.89,HOUSE,,,0.94,HOUSE
Ayanna,Pressley,"Pressley, Ayanna",H8MA07032,,,0.97,HOUSE,,
Stephen F,Lynch,"Lynch, Stephen F",H2MA09072,0.78,HOUSE,0.97,HOUSE,0.94,HOUSE
Bill,Keating,"Keating, Bill",H0MA10082,0.75,HOUSE,0.97,HOUSE,0.88,HOUSE
Jack,Bergman,"Bergman, Jack",H6MI01226,0.11,HOUSE,0.17,HOUSE,0.09,HOUSE
Bill,Huizenga,"Huizenga, Bill",H0MI02094,0.04,HOUSE,0,HOUSE,0.09,HOUSE
Justin,Amash,"Amash, Justin",H0MI03126,0.54,HOUSE,0.17,HOUSE,0.28,HOUSE
John,Moolenaar,"Moolenaar, John",H4MI04126,0.04,HOUSE,0.14,HOUSE,0.13,HOUSE
Dan,Kildee,"Kildee, Dan",H2MI05119,0.86,HOUSE,0.97,HOUSE,1,HOUSE
Fred,Upton,"Upton, Fred",H6MI04113,0.07,HOUSE,0.45,HOUSE,0.22,HOUSE
Tim,Walberg,"Walberg, Tim",H4MI07103,0.04,HOUSE,0.1,HOUSE,0.09,HOUSE
Michael,Bishop,"Bishop, Michael",H4MI08135,0.04,HOUSE,,,0.06,HOUSE
Elissa,Slotkin,"Slotkin, Elissa",H8MI08102,,,0.97,HOUSE,,
Sander,Levin,"Levin, Sander",H2MI17023,0.86,HOUSE,1,HOUSE,0.97,HOUSE
Paul,Mitchell,"Mitchell, Paul",H4MI04118,0.07,HOUSE,0.07,HOUSE,0.16,HOUSE
Haley,Stevens,"Stevens, Haley",H8MI11254,,,0.93,HOUSE,,
Debbie,Dingell,"Dingell, Debbie",H4MI12079,0.86,HOUSE,0.97,HOUSE,1,HOUSE
Rashida,Tlaib,"Tlaib, Rashida",H8MI13250,,,0.97,HOUSE,,
Brenda,Lawrence,"Lawrence, Brenda",H2MI14111,0.86,HOUSE,0.9,HOUSE,1,HOUSE
Tim,Walz,"Walz, Tim",H6MN01174,0.92,HOUSE,,,0.72,HOUSE
Jason,Lewis,"Lewis, Jason",H6MN02149,0.25,HOUSE,,,0.09,HOUSE
Erik,Paulsen,"Paulsen, Erik",H8MN03077,0.07,HOUSE,,,0.16,HOUSE
Keith,Ellison,"Ellison, Keith",H6MN05183,0.89,HOUSE,,,0.94,HOUSE
Rick,Nolan,"Nolan, Rick",H2MN08111,0.88,HOUSE,,,0.97,HOUSE
Jim,Hagedorn,"Hagedorn, Jim",H0MN01045,,,0.07,HOUSE,,
Angie,Craig,"Craig, Angie",H6MN02131,,,0.97,HOUSE,,
Dean,Phillips,"Phillips, Dean",H8MN03143,,,0.97,HOUSE,,
Betty,McCollum,"McCollum, Betty",H0MN04049,0.86,HOUSE,0.97,HOUSE,0.97,HOUSE
Ilhan,Omar,"Omar, Ilhan",H8MN05239,,,0.97,HOUSE,,
Tom,Emmer,"Emmer, Tom",H4MN06087,0.18,HOUSE,0.07,HOUSE,0.19,HOUSE
Collin,Peterson,"Peterson, Collin",H2MN07014,0.42,HOUSE,0.69,HOUSE,0.56,HOUSE
Pete,Stauber,"Stauber, Pete",H8MN08043,,,0.07,HOUSE,,
Trent,Kelly,"Kelly, Trent",H6MS01131,0.14,HOUSE,0.07,HOUSE,0.09,HOUSE
Bennie,Thompson,"Thompson, Bennie",H4MS02068,0.81,HOUSE,0.86,HOUSE,0.94,HOUSE
Michael,Guest,"Guest, Michael",H8MS03125,0.07,HOUSE,0.1,HOUSE,,HOUSE
Steven,Palazzo,"Palazzo, Steven",H0MS04120,0.04,HOUSE,0.07,HOUSE,0.06,HOUSE
Lacy,Clay,"Clay, Lacy",H0MO01066,0.89,HOUSE,0.97,HOUSE,,HOUSE
Ann,Wagner,"Wagner, Ann",H2MO02102,0.04,HOUSE,0.07,HOUSE,0.09,HOUSE
Blaine,Luetkemeyer,"Luetkemeyer, Blaine",H8MO09153,0.04,HOUSE,0.07,HOUSE,0.13,HOUSE
Vicky,Hartzler,"Hartzler, Vicky",H0MO04086,0.04,HOUSE,0.07,HOUSE,0.06,HOUSE
Emanuel,Cleaver,"Cleaver, Emanuel",H4MO05234,0.87,HOUSE,0.97,HOUSE,0.94,HOUSE
Sam,Graves,"Graves, Sam",H0MO06073,0.04,HOUSE,0.03,HOUSE,0.13,HOUSE
Billy,Long,"Long, Billy",H0MO07113,0.08,HOUSE,0.07,HOUSE,0.13,HOUSE
Jason,Smith,"Smith, Jason",H4MO08162,0.11,HOUSE,0,HOUSE,0.06,HOUSE
Greg,Gianforte,"Gianforte, Greg",H8MT01182,0.11,HOUSE,0.03,HOUSE,,HOUSE
Jeff,Fortenberry,"Fortenberry, Jeff",H4NE01064,0.07,HOUSE,0.34,HOUSE,0.19,HOUSE
Don,Bacon,"Bacon, Don",H6NE02125,0.07,HOUSE,0.34,HOUSE,0.13,HOUSE
Adrian,Smith,"Smith, Adrian",H6NE03115,0.04,HOUSE,0.03,HOUSE,0.06,HOUSE
Dina,Titus,"Titus, Dina",H8NV03036,0.89,HOUSE,0.96,HOUSE,0.91,HOUSE
Mark,Amodei,"Amodei, Mark",H2NV02395,0.04,HOUSE,0.1,HOUSE,0.16,HOUSE
Jacklyn,Rosen,"Rosen, Jacklyn",H6NV03139,0.67,HOUSE,,,0.91,HOUSE
Susie,Lee,"Lee, Susie",H6NV04020,,,0.97,HOUSE,,
Ruben,Kihuen,"Kihuen, Ruben",H2NV00050,0.85,HOUSE,,,0.97,HOUSE
Steven,Horsford,"Horsford, Steven",H2NV04011,,,0.97,HOUSE,,
Carolyn,Shea-Porter,"Shea-Porter, Carol",H6NH01230,0.86,HOUSE,,,0.91,HOUSE
Chris,Pappas,"Pappas, Chris",H8NH01210,,,0.97,HOUSE,,
Ann,McLane Kuster,"McLane Kuster, Ann",H0NH02181,0.74,HOUSE,0.97,HOUSE,0.88,HOUSE
Donald,Norcross,"Norcross, Donald",H4NJ01084,0.79,HOUSE,0.97,HOUSE,0.94,HOUSE
Frank,Lobiondo,"Lobiondo, Frank",H2NJ02037,0.18,HOUSE,,,0.31,HOUSE
Thomas,Macarthur,"Macarthur, Thomas",H4NJ03130,0.11,HOUSE,,,0.22,HOUSE
Jeff,Van Drew,"Van Drew, Jeff",H8NJ02166,,,0.93,HOUSE,,
Andy,Kim,"Kim, Andy",H8NJ03206,,,0.97,HOUSE,,
Chris,Smith,"Smith, Chris",H8NJ04014,0.19,HOUSE,0.72,HOUSE,0.38,HOUSE
Josh,Gottheimer,"Gottheimer, Josh",H6NJ05171,0.64,HOUSE,0.97,HOUSE,0.84,HOUSE
Frank,Pallone,"Pallone, Frank",H8NJ03073,0.93,HOUSE,1,HOUSE,1,HOUSE
Leonard,Lance,"Lance, Leonard",H6NJ12136,0.14,HOUSE,,,0.38,HOUSE
Tom,Malinowski,"Malinowski, Tom",H8NJ07223,,,0.97,HOUSE,,
Albio,Sires,"Sires, Albio",H6NJ13191,0.74,HOUSE,0.93,HOUSE,0.97,HOUSE
Bill,Pascrell,"Pascrell, Bill",H6NJ08118,0.78,HOUSE,1,HOUSE,0.97,HOUSE
Donald,Payne Jr,"Payne Jr, Donald",H2NJ10154,0.93,HOUSE,0.9,HOUSE,0.91,HOUSE
Mikie,Sherrill,"Sherrill, Mikie",H8NJ11142,,,0.93,HOUSE,,
Bonnie,Watson Coleman,"Watson Coleman, Bonnie",H4NJ12149,0.96,HOUSE,1,HOUSE,1,HOUSE
Michelle,Lujan Grisham,"Lujan Grisham, Michelle",H8NM01257,0.86,HOUSE,,,0.94,HOUSE
Steve,Pearce,"Pearce, Steve",S0NM00041,0.15,HOUSE,,,0.09,HOUSE
Deb,Haaland,"Haaland, Deb",H8NM01331,,,0.97,HOUSE,,
Xochitl,Torres Small,"Torres Small, Xochitl",H8NM02248,,,0.97,HOUSE,,
Ben,Ray Lujan,"Ray Lujan, Ben",H8NM03196,0.86,HOUSE,0.97,HOUSE,1,HOUSE
Lee,Zeldin,"Zeldin, Lee",H8NY01148,0.14,HOUSE,0.28,HOUSE,0.16,HOUSE
Peter T,King,"King, Peter T",H2NY03089,0.03,HOUSE,0.41,HOUSE,0.31,HOUSE
Thomas,Suozzi,"Suozzi, Thomas",H6NY03247,0.77,HOUSE,0.97,HOUSE,0.91,HOUSE
Kathleen,Rice,"Rice, Kathleen",H4NY04075,0.75,HOUSE,0.93,HOUSE,0.97,HOUSE
Gregory,Meeks,"Meeks, Gregory",H8NY06048,0.81,HOUSE,0.93,HOUSE,0.97,HOUSE
Grace,Meng,"Meng, Grace",H2NY06116,0.81,HOUSE,1,HOUSE,0.97,HOUSE
Nydia,Velázquez,"Velázquez, Nydia",H2NY00010,0.96,HOUSE,1,HOUSE,1,HOUSE
Hakeem,Jeffries,"Jeffries, Hakeem",H2NY10092,0.83,HOUSE,0.97,HOUSE,0.94,HOUSE
Yvette,Clarke,"Clarke, Yvette",H4NY11138,0.93,HOUSE,1,HOUSE,1,HOUSE
Jerry,Nadler,"Nadler, Jerry",H2NY17071,0.86,HOUSE,1,HOUSE,1,HOUSE
Daniel,Donovan,"Donovan, Daniel",H6NY11174,0.07,HOUSE,,,0.31,HOUSE
Max,Rose,"Rose, Max",H8NY11113,,,0.93,HOUSE,,
Carolyn,Maloney,"Maloney, Carolyn",H2NY14037,0.89,HOUSE,1,HOUSE,0.97,HOUSE
Adriano,Espaillat,"Espaillat, Adriano",H2NY13096,0.89,HOUSE,1,HOUSE,1,HOUSE
Joseph,Crowley,"Crowley, Joseph",H8NY07046,0.89,HOUSE,,,0.94,HOUSE
Alexandria,Ocasio-Cortez,"Ocasio-Cortez, Alexandria",H8NY15148,,,0.97,HOUSE,,
Jose E,Serrano,"Serrano, Jose E",H0NY18065,0.89,HOUSE,1,HOUSE,1,HOUSE
Eliot,Engel,"Engel, Eliot",H8NY19058,0.93,HOUSE,1,HOUSE,0.97,HOUSE
Nita,Lowey,"Lowey, Nita",H8NY20056,0.79,HOUSE,0.93,HOUSE,0.97,HOUSE
Sean,Maloney,"Maloney, Sean",H2NY22139,0.75,HOUSE,0.97,HOUSE,0.88,HOUSE
John,Faso,"Faso, John",H6NY19169,0.18,HOUSE,,,0.31,HOUSE
Antonio,Delgado,"Delgado, Antonio",H8NY19181,,,0.97,HOUSE,,
Paul,Tonko,"Tonko, Paul",H8NY21203,0.89,HOUSE,1,HOUSE,1,HOUSE
Elise,Stefanik,"Stefanik, Elise",H4NY21079,0.14,HOUSE,0.55,HOUSE,0.28,HOUSE
Claudia,Tenney,"Tenney, Claudia",H4NY22051,0.07,HOUSE,,,0.16,HOUSE
Anthony,Brindisi,"Brindisi, Anthony",H8NY22151,,,0.97,HOUSE,,
Tom,Reed,"Reed, Tom",H0NY29054,0.15,HOUSE,0.21,HOUSE,0.19,HOUSE
John,Katko,"Katko, John",H4NY24073,0.22,HOUSE,0.48,HOUSE,0.31,HOUSE
Joseph,Morelle,"Morelle, Joseph",H8NY25105,,,0.97,HOUSE,,
Chris,Collins,"Collins, Chris",H8NY29032,0.07,HOUSE,0.09,HOUSE,0.06,HOUSE
Brian,Higgins,"Higgins, Brian",H4NY27076,0.67,HOUSE,0.97,HOUSE,0.94,HOUSE
G. K.,Butterfield,"Butterfield, G. K.",H4NC01046,0.85,HOUSE,0.93,HOUSE,1,HOUSE
George,Holding,"Holding, George",H2NC13110,0.07,HOUSE,0.03,HOUSE,0.03,HOUSE
Walter,Jones,"Walter, Jones",H2NC01081,0.27,HOUSE,,,0.34,HOUSE
Greg,Murphy,"Murphy, Greg",H0NC03172,,,0.14,HOUSE,,
David,Price,"Price, David",H6NC04037,0.86,HOUSE,0.97,HOUSE,1,HOUSE
Virginia,Foxx,"Foxx, Virginia",H4NC05146,0.04,HOUSE,0.1,HOUSE,0.06,HOUSE
Mark,Walker,"Walker, Mark",H4NC06052,0.04,HOUSE,0.03,HOUSE,0.09,HOUSE
David,Rouzer,"Rouzer, David",H2NC07096,0.07,HOUSE,0.07,HOUSE,0.06,HOUSE
Richard,Hudson,"Hudson, Richard",H2NC08185,0.04,HOUSE,0.1,HOUSE,0.06,HOUSE
Mark,Meadows,"Meadows, Mark",H2NC11080,0.19,HOUSE,0,HOUSE,0.06,HOUSE
Patrick,McHenry,"McHenry, Patrick",H4NC10047,0.04,HOUSE,0.24,HOUSE,0.09,HOUSE
Alma,Adams,"Adams, Alma",H4NC12100,0.85,HOUSE,0.96,HOUSE,0.97,HOUSE
Ted,Budd,"Budd, Ted",H6NC13129,0.14,HOUSE,0.07,HOUSE,0.06,HOUSE
Kevin,Cramer,"Cramer, Kevin",S8ND00120,0.04,HOUSE,,,0.13,HOUSE
Kelly,Armstrong,"Armstrong, Kelly",H8ND00096,,,0.1,HOUSE,,
Steve,Chabot,"Chabot, Steve",H8OH01043,0.03,HOUSE,0.1,HOUSE,0.06,HOUSE
Brad,Wenstrup,"Wenstrup, Brad",H2OH02085,0.03,HOUSE,0.03,HOUSE,0.09,HOUSE
Joyce,Beatty,"Beatty, Joyce",H2OH03125,0.86,HOUSE,0.96,HOUSE,0.97,HOUSE
Jim,Jordan,"Jordan, Jim",H6OH04082,0.21,HOUSE,0,HOUSE,0.06,HOUSE
Bob,Latta,"Latta, Bob",H8OH05036,0.07,HOUSE,0.07,HOUSE,0.09,HOUSE
Bill,Johnson,"Johnson, Bill",H0OH06189,0.04,HOUSE,0.07,HOUSE,0.19,HOUSE
Bob,Gibbs,"Gibbs, Bob",H0OH18077,0.04,HOUSE,0.07,HOUSE,0.09,HOUSE
Warren,Davidson,"Davidson, Warren",H6OH08315,0.26,HOUSE,0.07,HOUSE,0.06,HOUSE
Marcy,Kaptur,"Kaptur, Marcy",H2OH09031,0.79,HOUSE,1,HOUSE,1,HOUSE
Mike,Turner,"Turner, Mike",H2OH03067,0.14,HOUSE,0.14,HOUSE,0.31,HOUSE
Marcia,Fudge,"Fudge, Marcia",H8OH11141,0.85,HOUSE,0.93,HOUSE,1,HOUSE
Troy,Balderson,"Balderson, Troy",H8OH12180,,,0.03,HOUSE,,
Tim,Ryan,"Ryan, Tim",H2OH17109,0.86,HOUSE,0.66,HOUSE,1,HOUSE
David,Joyce,"Joyce, David",H2OH14064,0.14,HOUSE,0.21,HOUSE,0.22,HOUSE
Steve,Stivers,"Stivers, Steve",H8OH15076,0.08,HOUSE,0.1,HOUSE,0.16,HOUSE
Jim,Renacci,"Renacci, Jim",S8OH00102,0.07,HOUSE,0.21,HOUSE,0.13,HOUSE
Anthony,Gonzalez,"Gonzalez, Anthony",H8OH16124,,,0.21,HOUSE,,
Kevin,Hern,"Hern, Kevin",H8OK01157,,,0.03,HOUSE,,
Markwayne,Mullin,"Mullin, Markwayne",H2OK02083,0.07,HOUSE,0,HOUSE,0.06,HOUSE
Frank,Lucas,"Lucas, Frank",H4OK06056,0.04,HOUSE,0.07,HOUSE,0.13,HOUSE
Tom,Cole,"Cole, Tom",H2OK04055,0.04,HOUSE,0.17,HOUSE,0.13,HOUSE
Steve,Russell,"Russell, Steve",H4OK05132,0.12,HOUSE,,,0.19,HOUSE
Kendra,Horn,"Horn, Kendra",H8OK05125,,,0.93,HOUSE,,
Suzanne,Bonamici,"Bonamici, Suzanne",H2OR01133,0.86,HOUSE,0.97,HOUSE,0.97,HOUSE
Greg,Walden,"Walden, Greg",H6OR02116,0.07,HOUSE,0.21,HOUSE,0.16,HOUSE
Earl,Blumenauer,"Blumenauer, Earl",H6OR03064,0.93,HOUSE,0.93,HOUSE,0.97,HOUSE
Peter,DeFazio,"DeFazio, Peter",H6OR04047,0.79,HOUSE,0.97,HOUSE,0.94,HOUSE
Kurt,Schrader,"Schrader, Kurt",H8OR05107,0.75,HOUSE,0.93,HOUSE,0.72,HOUSE
Robert,Brady,"Brady, Robert",H8PA01153,0.86,HOUSE,,,1,HOUSE
Brian,Fitzpatrick,"Fitzpatrick, Brian",H6PA08277,0.29,HOUSE,0.86,HOUSE,0.41,HOUSE
Brendan,Boyle,"Boyle, Brendan",H4PA13199,0.82,HOUSE,0.97,HOUSE,0.97,HOUSE
Dwight,Evans,"Evans, Dwight",H6PA02171,0.86,HOUSE,0.97,HOUSE,1,HOUSE
Ryan,Costello,"Costello, Ryan",H0PA06076,0.21,HOUSE,,,0.31,HOUSE
Bill,Shuster,"Shuster, Bill",H2PA09035,0.07,HOUSE,,,0.19,HOUSE
Tom,Marino,"Marino, Tom",H0PA10078,0.03,HOUSE,0.04,HOUSE,0.19,HOUSE
Lou,Barletta,"Barletta, Lou",H2PA11098,0.07,HOUSE,,,0.16,HOUSE
Madeleine,Dean,"Dean, Madeleine",H8PA04116,,,0.97,HOUSE,,
Mary,Gay Scanlon,"Gay Scanlon, Mary",H8PA07200,,,0.97,HOUSE,,
Chrissy,Houlahan,"Houlahan, Chrissy",H8PA06087,,,0.97,HOUSE,,
Susan,Wild,"Wild, Susan",H8PA15229,,,0.97,HOUSE,,
Matt,Cartwright,"Cartwright, Matt",H2PA17079,0.61,HOUSE,0.96,HOUSE,0.88,HOUSE
Dan,Meuser,"Meuser, Dan",H8PA10147,,,0.07,HOUSE,,
Scott,Perry,"Perry, Scott",H2PA04135,0.21,HOUSE,0.03,HOUSE,0.09,HOUSE
Lloyd,Smucker,"Smucker, Lloyd",H6PA16320,0.07,HOUSE,0.07,HOUSE,0.13,HOUSE
Keith,Rothfus,"Rothfus, Keith",H0PA04220,0.07,HOUSE,,,0.13,HOUSE
Fred,Keller,"Keller, Fred",H0PA12181,,,0.04,HOUSE,,
John,Joyce,"Joyce, John",H8PA13125,,,0.03,HOUSE,,
Guy,Reschenthaler,"Reschenthaler, Guy",H8PA18199,,,0.07,HOUSE,,
Glenn,Thompson,"Thompson, Glenn",H8PA05071,0.07,HOUSE,0.07,HOUSE,0.16,HOUSE
Mike,Kelly,"Kelly, Mike",H0PA03271,0.07,HOUSE,0.07,HOUSE,0.19,HOUSE
Conor,Lamb,"Lamb, Conor",H8PA18181,,,0.9,HOUSE,,
Mike,Doyle,"Doyle, Mike",H4PA18131,0.86,HOUSE,0.97,HOUSE,0.97,HOUSE
David,Cicilline,"Cicilline, David",H0RI01073,0.85,HOUSE,0.97,HOUSE,1,HOUSE
James,Langevin,"Langevin, James",H0RI02139,0.68,HOUSE,0.97,HOUSE,0.94,HOUSE
Joe,Cunningham,"Cunningham, Joe",H8SC01116,,,0.93,HOUSE,,
Joe,Wilson,"Wilson, Joe",H2SC02059,0.04,HOUSE,0.07,HOUSE,0.06,HOUSE
Jeff,Duncan,"Duncan, Jeff",H0SC03077,0.19,HOUSE,0.07,HOUSE,0.03,HOUSE
Trey,Gowdy,"Gowdy, Trey",H0SC04257,0.03,HOUSE,,,0.09,HOUSE
William,Timmons,"Timmons, William",H8SC04250,,,0.1,HOUSE,,
Ralph,Norman,"Norman, Ralph",H8SC05158,0.17,HOUSE,0.07,HOUSE,,HOUSE
Jim,Clyburn,"Clyburn, Jim",H2SC02042,0.79,HOUSE,0.92,HOUSE,0.88,HOUSE
Tom,Rice,"Rice, Tom",H2SC07066,0.07,HOUSE,0.1,HOUSE,0.06,HOUSE
Kristi,Noem,"Noem, Kristi",H0SD00054,0.07,HOUSE,,,0.13,HOUSE
Dusty,Johnson,"Johnson, Dusty",H8SD01055,,,0.07,HOUSE,,
Phil,Roe,"Roe, Phil",H6TN01388,0.07,HOUSE,0.1,HOUSE,0.09,HOUSE
John,Duncan,"Duncan, John",H8TN02069,0.25,HOUSE,,,0.13,HOUSE
Tim,Burchett,"Burchett, Tim",H8TN02119,,,0.1,HOUSE,,
Chuck,Fleischmann,"Fleischmann, Chuck",H0TN03254,0.04,HOUSE,0.07,HOUSE,0.13,HOUSE
Scott,DesJarlais,"DesJarlais, Scott",H0TN04195,0.11,HOUSE,0.03,HOUSE,0.09,HOUSE
Jim,Cooper,"Cooper, Jim",H2TN05131,0.68,HOUSE,0.93,HOUSE,0.75,HOUSE
John,Rose,"Rose, John",H8TN06094,,,0.03,HOUSE,,
Diane,Black,"Black, Diane",H0TN06257,0.12,HOUSE,,,0.06,HOUSE
Marsha,Blackburn,"Blackburn, Marsha",H2TN06030,0.11,HOUSE,,,0.06,HOUSE
Mark E,Green,"Green, Mark E",H8TN07076,,,0,HOUSE,,
David,Kustoff,"Kustoff, David",H2TN07103,0.04,HOUSE,0.1,HOUSE,0.09,HOUSE
Steve,Cohen,"Cohen, Steve",H6TN09068,0.88,HOUSE,0.96,HOUSE,1,HOUSE
Louie,Gohmert,"Gohmert, Louie",H4TX04039,0.16,HOUSE,0.03,HOUSE,0.16,HOUSE
Dan,Crenshaw,"Crenshaw, Dan",H8TX02166,,,0.1,HOUSE,,
Ted,Poe,"Poe, Ted",H4TX02108,0.15,HOUSE,,,0.13,HOUSE
Sam,Johnson,"Johnson, Sam",H2TX03118,0.04,HOUSE,,,0.03,HOUSE
John,Ratcliffe,"Ratcliffe, John",H4TX04153,0.06,HOUSE,0.07,HOUSE,0.03,HOUSE
Jeb,Hensarling,"Hensarling, Jeb",H2TX05121,0.04,HOUSE,,,0.06,HOUSE
Joe,Barton,"Barton, Joe",H4TX06117,0.11,HOUSE,,,0.06,HOUSE
Van,Taylor,"Taylor, Van",H8TX03123,,,0.07,HOUSE,,
Lance,Gooden,"Gooden, Lance",H8TX05144,,,0.07,HOUSE,,
Ron,Wright,"Wright, Ron",H8TX06233,,,0.07,HOUSE,,
John,Culberson,"Culberson, John",H0TX07055,0.04,HOUSE,,,0.09,HOUSE
Lizzie,Pannill Fletcher,"Pannill Fletcher, Lizzie",H8TX07140,,,0.79,HOUSE,,
Kevin,Brady,"Brady, Kevin",H6TX08100,0.04,HOUSE,0.07,HOUSE,0.09,HOUSE
Al,Green,"Green, Al",H4TX09095,0.86,HOUSE,0.97,HOUSE,1,HOUSE
Michael,McCaul,"McCaul, Michael",H4TX10093,0.04,HOUSE,0.21,HOUSE,0.13,HOUSE
Mike,Conaway,"Conaway, Mike",H4TX19136,0.03,HOUSE,0.07,HOUSE,0.09,HOUSE
Kay,Granger,"Granger, Kay",H6TX12060,0.04,HOUSE,0.1,HOUSE,0.09,HOUSE
Mac,Thornberry,"Thornberry, Mac",H4TX13014,0.04,HOUSE,0.03,HOUSE,0.09,HOUSE
Randy,Weber,"Weber, Randy",H2TX14149,0.14,HOUSE,0.03,HOUSE,0.06,HOUSE
Vicente,Gonzalez,"Gonzalez, Vicente",H6TX15162,0.82,HOUSE,0.86,HOUSE,0.84,HOUSE
Beto,O'Rourke,"O'Rourke, Beto",H2TX16185,0.82,HOUSE,,,0.94,HOUSE
Veronica,Escobar,"Escobar, Veronica",H8TX16109,,,0.97,HOUSE,,
Bill,Flores,"Flores, Bill",H0TX17104,0.04,HOUSE,0.07,HOUSE,0.09,HOUSE
Sheila,Jackson Lee,"Jackson Lee, Sheila",H4TX18054,0.88,HOUSE,0.93,HOUSE,1,HOUSE
Jodey,Arrington,"Arrington, Jodey",H6TX19099,0.04,HOUSE,0.07,HOUSE,0.09,HOUSE
Joaquin,Castro,"Castro, Joaquin",H2TX35011,0.86,HOUSE,0.93,HOUSE,1,HOUSE
Lamar,Smith,"Smith, Lamar",H6TX21012,0.03,HOUSE,,,0.09,HOUSE
Chip,Roy,"Roy, Chip",H8TX21307,,,0,HOUSE,,
Pete,Olson,"Olson, Pete",H8TX22107,0.04,HOUSE,0.07,HOUSE,0.09,HOUSE
Will,Hurd,"Hurd, Will",H0TX23086,0.07,HOUSE,,,0.22,HOUSE
Kenny,Marchant,"Marchant, Kenny",H4TX24094,0.04,HOUSE,0.03,HOUSE,0.06,HOUSE
Roger,Williams,"Williams, Roger",H2TX33040,0.14,HOUSE,0,HOUSE,0.09,HOUSE
Michael C,Burgess,"Burgess, Michael C",H2TX26093,0.11,HOUSE,0.1,HOUSE,0.09,HOUSE
Michael,Cloud,"Cloud, Michael",H8TX27049,,,0,HOUSE,,
Henry,Cuellar,"Cuellar, Henry",H2TX23082,0.43,HOUSE,0.79,HOUSE,0.59,HOUSE
Sylvia,Garcia,"Garcia, Sylvia",H8TX29052,,,0.9,HOUSE,,
Eddie Bernice,Johnson,"Johnson, Eddie Bernice",H2TX00015,0.89,HOUSE,0.97,HOUSE,0.97,HOUSE
John,Carter,"Carter, John",H2TX31044,0.04,HOUSE,0.03,HOUSE,0.06,HOUSE
Pete,Sessions,"Sessions, Pete",H2TX03126,0.04,HOUSE,,,0.09,HOUSE
Colin,Allred,"Allred, Colin",H8TX32098,,,0.93,HOUSE,,
Marc,Veasey,"Veasey, Marc",H2TX33073,0.86,HOUSE,0.97,HOUSE,0.97,HOUSE
Filemon,Vela Jr,"Vela Jr, Filemon",H2TX27190,0.82,HOUSE,0.86,HOUSE,0.81,HOUSE
Lloyd,Doggett,"Doggett, Lloyd",H4TX10028,0.89,HOUSE,0.97,HOUSE,0.97,HOUSE
Brian,Babin,"Babin, Brian",H6TX02079,0.12,HOUSE,0.07,HOUSE,0.03,HOUSE
Rob,Bishop,"Bishop, Rob",H2UT01094,0.11,HOUSE,0.03,HOUSE,0.09,HOUSE
Chris,Stewart,"Stewart, Chris",H2UT02324,0.07,HOUSE,0.03,HOUSE,0.06,HOUSE
John,Curtis,"Curtis, John",H8UT03238,0.25,HOUSE,0.03,HOUSE,,HOUSE
Mia,Love,"Love, Mia",H2UT04023,0.07,HOUSE,,,0.13,HOUSE
Ben,McAdams,"McAdams, Ben",H8UT04053,,,0.86,HOUSE,,
Peter,Welch,"Welch, Peter",H6VT00160,0.86,HOUSE,0.97,HOUSE,0.97,HOUSE
Rob,Wittman,"Wittman, Rob",H8VA01147,0.11,HOUSE,0.03,HOUSE,0.09,HOUSE
Bob,Goodlatte,"Goodlatte, Bob",H2VA06115,0.03,HOUSE,,,0.09,HOUSE
Dave,Brat,"Brat, Dave",H4VA07143,0.21,HOUSE,,,0.09,HOUSE
Elaine,Luria,"Luria, Elaine",H8VA02111,,,0.97,HOUSE,,
Bobby,Scott,"Scott, Bobby",H6VA01117,0.93,HOUSE,0.97,HOUSE,1,HOUSE
Donald,McEachin,"McEachin, Donald",H6VA04061,0.77,HOUSE,1,HOUSE,0.94,HOUSE
Denver,Riggleman,"Riggleman, Denver",H8VA05171,,,0.17,HOUSE,,
Ben,Cline,"Cline, Ben",H8VA06104,,,0,HOUSE,,
Abigail,Spanberger,"Spanberger, Abigail",H8VA07094,,,0.97,HOUSE,,
Don,Beyer,"Beyer, Don",H4VA08224,0.93,HOUSE,0.97,HOUSE,0.97,HOUSE
Morgan,Griffith,"Griffith, Morgan",H0VA09055,0.21,HOUSE,0.07,HOUSE,0.13,HOUSE
Barbara,Comstock,"Comstock, Barbara",H4VA10089,0.19,HOUSE,,,0.19,HOUSE
Jennifer,Wexton,"Wexton, Jennifer",H8VA10106,,,0.97,HOUSE,,
Gerry,Connolly,"Connolly, Gerry",H8VA11062,0.86,HOUSE,0.97,HOUSE,1,HOUSE
Suzan,DelBene,"DelBene, Suzan",H0WA08046,0.86,HOUSE,0.97,HOUSE,0.97,HOUSE
Rick,Larsen,"Larsen, Rick",H0WA02080,0.86,HOUSE,0.93,HOUSE,0.97,HOUSE
Jaime,Herrera Beutler,"Herrera Beutler, Jaime",H0WA03187,0.18,HOUSE,0.24,HOUSE,0.16,HOUSE
Dan,Newhouse,"Newhouse, Dan",H4WA04104,0.12,HOUSE,0.14,HOUSE,0.19,HOUSE
Cathy,McMorris Rodgers,"McMorris Rodgers, Cathy",H4WA05077,0.11,HOUSE,0.1,HOUSE,0.19,HOUSE
Derek,Kilmer,"Kilmer, Derek",H2WA06129,0.79,HOUSE,0.97,HOUSE,0.94,HOUSE
Pramila,Jayapal,"Jayapal, Pramila",H6WA07458,0.97,HOUSE,1,HOUSE,1,HOUSE
Dave,Reichert,"Reichert, Dave",H4WA08071,0.26,HOUSE,,,0.28,HOUSE
Kim,Schrier,"Schrier, Kim",H8WA08189,,,0.97,HOUSE,,
Adam,Smith,"Smith, Adam",H6WA09025,0.96,HOUSE,0.97,HOUSE,0.97,HOUSE
Denny,Heck,"Heck, Denny",H0WA03161,0.79,HOUSE,0.93,HOUSE,0.97,HOUSE
David,McKinley,"McKinley, David",H0WV01072,0.04,HOUSE,0.07,HOUSE,0.25,HOUSE
Alex,Mooney,"Mooney, Alex",H4WV02080,0.18,HOUSE,0.1,HOUSE,0.06,HOUSE
Evan,Jenkins,"Jenkins, Evan",H4WV03070,0.04,HOUSE,,,,HOUSE
Carol,Miller,"Miller, Carol",H8WV03097,,,0.07,HOUSE,,
Paul,Ryan,"Ryan, Paul",H8WI01024,0,HOUSE,,,,HOUSE
Bryan,Steil,"Steil, Bryan",H8WI01156,,,0.21,HOUSE,,
Mark,Pocan,"Pocan, Mark",H2WI02124,0.93,HOUSE,1,HOUSE,0.94,HOUSE
Ron,Kind,"Kind, Ron",H6WI03099,0.81,HOUSE,0.97,HOUSE,0.64,HOUSE
Gwen,Moore,"Moore, Gwen",H4WI04183,0.93,HOUSE,0.97,HOUSE,0.94,HOUSE
Jim,Sensenbrenner,"Sensenbrenner, Jim",H8WI09050,0.17,HOUSE,0,HOUSE,0.06,HOUSE
Glenn,Grothman,"Grothman, Glenn",H4WI06048,0.11,HOUSE,0.1,HOUSE,0.09,HOUSE
Sean,Duffy,"Duffy, Sean",H0WI07051,0.07,HOUSE,0.05,HOUSE,0.13,HOUSE
Mike,Gallagher,"Gallagher, Mike",H6WI08155,0.04,HOUSE,0.14,HOUSE,0.06,HOUSE
Liz,Cheney,"Cheney, Liz",H6WY00159,0.04,HOUSE,0.03,HOUSE,0.09,HOUSE
DAN,SULLIVAN,"SULLIVAN, DAN",S4AK00214,0.21,SENATE,0.14,SENATE,0.09,SENATE
LISA,MURKOWSKI,"MURKOWSKI, LISA",S4AK00099,0.52,SENATE,0.36,SENATE,0.16,SENATE
RICHARD,SHELBY,"SHELBY, RICHARD",S6AL00013,0.05,SENATE,0.29,SENATE,0.06,SENATE
DOUG,JONES,"JONES, DOUG",S0AL00156,0.21,SENATE,0.86,SENATE,,SENATE
JOHN,BOOZMAN,"BOOZMAN, JOHN",S0AR00150,0.05,SENATE,0.21,SENATE,0.13,SENATE
TOM,COTTON,"COTTON, TOM",H2AR04083,0.14,SENATE,0.14,SENATE,0.06,SENATE
MARTHA,MCSALLY,"McSally, Martha",S8AZ00221,,,0.14,SENATE,,
Krysten,Sinema,"Sinema, Krysten",S8AZ00197,,,0.71,SENATE,,
JEFF,FLAKE,"FLAKE, JEFF",H0AZ01184,0.24,SENATE,,,0.09,SENATE
JOHN,MCCAIN,"MCCAIN, JOHN",S6AZ00019,0.22,SENATE,,,,SENATE
DIANNE,FEINSTEIN,"FEINSTEIN, DIANNE",S0CA00199,0.73,SENATE,1,SENATE,0.94,SENATE
KAMALA,HARRIS,"HARRIS, KAMALA",P00009423,0.86,SENATE,0.71,SENATE,0.1,SENATE
CORY,GARDNER,"GARDNER, CORY",H0CO04122,0.29,SENATE,0.36,SENATE,0.16,SENATE
MICHAEL,BENNET,"BENNET, MICHAEL",P00011833,0.71,SENATE,0.86,SENATE,1,SENATE
CHRIS,MURPHY,"MURPHY, CHRIS",S2CT00132,0.71,SENATE,1,SENATE,1,SENATE
RICHARD,BLUMENTHAL,"BLUMENTHAL, RICHARD",S0CT00177,0.73,SENATE,1,SENATE,1,SENATE
CHRISTOPHER,COONS,"COONS, CHRISTOPHER",S0DE00092,0.77,SENATE,1,SENATE,0.97,SENATE
TOM,CARPER,"CARPER, TOM",S8DE00079,0.62,SENATE,1,SENATE,0.97,SENATE
MARCO,RUBIO,"RUBIO, MARCO",P60006723,0.05,SENATE,0.07,SENATE,0.06,SENATE
BILL,NELSON,"NELSON, BILL",S8FL00166,0.6,SENATE,0.07,SENATE,0.88,SENATE
Rick,Scott,"Scott, Rich",S8FL00273,,,0.07,SENATE,,
DAVID,PERDUE,"PERDUE, DAVID",S4GA11285,0.14,SENATE,0.14,SENATE,0.09,SENATE
JOHNNY,ISAKSON,"ISAKSON, JOHNNY",S6GA00119,0.06,SENATE,0.29,SENATE,0.13,SENATE
BRIAN,SCHATZ,"SCHATZ, BRIAN",S4HI00136,0.75,SENATE,1,SENATE,1,SENATE
MAZIE,HIRONO,"HIRONO, MAZIE",S2HI00106,0.77,SENATE,1,SENATE,1,SENATE
CHUCK,GRASSLEY,"GRASSLEY, CHUCK",S0IA00028,0.18,SENATE,0.07,SENATE,0.09,SENATE
JONI,ERNST,"ERNST, JONI",S4IA00129,0.1,SENATE,0.14,SENATE,0.13,SENATE
JAMES,RISCH,"RISCH, JAMES",S8ID00092,0.14,SENATE,0.07,SENATE,0.06,SENATE
MIKE,CRAPO,"CRAPO, MIKE",S8ID00027,0.18,SENATE,0.07,SENATE,0.09,SENATE
TAMMY,DUCKWORTH,"DUCKWORTH, TAMMY",S6IL00292,0.62,SENATE,1,SENATE,0.94,SENATE
DICK,DURBIN,"DURBIN, DICK",S6IL00151,0.82,SENATE,1,SENATE,1,SENATE
TODD,YOUNG,"YOUNG, TODD",H0IN09070,0.05,SENATE,0.29,SENATE,0.13,SENATE
JOE,DONNELLY,"DONNELLY, JOE",S2IN00091,0.52,SENATE,0.07,SENATE,0.91,SENATE
JERRY,MORAN,"MORAN, JERRY",S0KS00091,0.19,SENATE,0.14,SENATE,0.16,SENATE
PAT,ROBERTS,"ROBERTS, PAT",S6KS00080,0.05,SENATE,0.29,SENATE,0.13,SENATE
MITCH,MCCONNELL,"MCCONNELL, MITCH",S2KY00012,0.05,SENATE,0.14,SENATE,0.13,SENATE
RAND,PAUL,"PAUL, RAND",P40003576,0.45,SENATE,0,SENATE,0.09,SENATE
BILL,CASSIDY,"CASSIDY, BILL",S4LA00107,0.14,SENATE,0.07,SENATE,0.13,SENATE
JOHN,KENNEDY,"KENNEDY, JOHN",S4LA00065,0.27,SENATE,0.07,SENATE,0.09,SENATE
EDWARD,MARKEY,"MARKEY, EDWARD",S4MA00028,0.81,SENATE,1,SENATE,1,SENATE
ELIZABETH,WARREN,"WARREN, ELIZABETH",P00009621,0.86,SENATE,0.79,SENATE,1,SENATE
BEN,CARDIN,"CARDIN, BEN",S6MD03177,0.71,SENATE,1,SENATE,1,SENATE
CHRIS,VAN HOLLEN,"VAN HOLLEN, CHRIS",H2MD08126,0.76,SENATE,1,SENATE,1,SENATE
ANGUS,KING,"KING, ANGUS",S2ME00109,0.67,SENATE,0.93,SENATE,0.97,SENATE
SUSAN,COLLINS,"COLLINS, SUSAN",S6ME00159,0.43,SENATE,0.64,SENATE,0.28,SENATE
DEBBIE,STABENOW,"STABENOW, DEBBIE",S8MI00281,0.62,SENATE,1,SENATE,0.97,SENATE
GARY,PETERS,"PETERS, GARY",H8MI09068,0.62,SENATE,1,SENATE,0.97,SENATE
AMY,KLOBUCHAR,"KLOBUCHAR, AMY",P80006117,0.64,SENATE,0.79,SENATE,1,SENATE
TINA,SMITH,"SMITH, TINA",S8MN00578,0.67,SENATE,1,SENATE,,SENATE
ROY,BLUNT,"BLUNT, ROY",S0MO00183,0.05,SENATE,0.21,SENATE,0.13,SENATE
JOSHUA,HAWLEY,"Hawley, Joshua",S8MO00160,,,0.07,SENATE,,
CLAIRE,MCCASKILL,"MCCASKILL, CLAIRE",S6MO00305,0.67,SENATE,,,0.94,SENATE
CINDY,HYDE-SMITH,"HYDE-SMITH, CINDY",S8MS00261,0,SENATE,0.29,SENATE,,SENATE
ROGER,WICKER,"WICKER, ROGER",S8MS00196,0.1,SENATE,0.07,SENATE,0.13,SENATE
STEVE,DAINES,"DAINES, STEVE",H2MT01060,0.33,SENATE,0.29,SENATE,0.13,SENATE
JON,TESTER,"TESTER, JON",S6MT00162,0.81,SENATE,1,SENATE,0.97,SENATE
RICHARD,BURR,"BURR, RICHARD",S4NC00089,0.06,SENATE,0.29,SENATE,0.16,SENATE
THOM,TILLIS,"TILLIS, THOM",S4NC00162,0.14,SENATE,0.21,SENATE,0.13,SENATE
JOHN,HOEVEN,"HOEVEN, JOHN",S0ND00093,0.05,SENATE,0.14,SENATE,0.13,SENATE
HEIDI,HEITKAMP,"HEITKAMP, HEIDI",S2ND00099,0.62,SENATE,,,0.81,SENATE
BENJAMIN,SASSE,"SASSE, BENJAMIN",S4NE00090,0.18,SENATE,0,SENATE,0.06,SENATE
DEB,FISCHER,"FISCHER, DEB",S2NE00094,0.14,SENATE,0.07,SENATE,0.13,SENATE
JEANNE,SHAHEEN,"SHAHEEN, JEANNE",S0NH00219,0.62,SENATE,1,SENATE,0.94,SENATE
MAGGIE,HASSAN,"HASSAN, MAGGIE",S6NH00091,0.62,SENATE,1,SENATE,0.97,SENATE
CORY,BOOKER,"BOOKER, CORY",P00009795,0.86,SENATE,0.5,SENATE,1,SENATE
ROBERT,MENENDEZ,"MENENDEZ, ROBERT",S6NJ00289,0.76,SENATE,1,SENATE,0.94,SENATE
MARTIN,HEINRICH,"HEINRICH, MARTIN",H8NM01224,0.76,SENATE,0.93,SENATE,0.91,SENATE
TOM,UDALL,"UDALL, TOM",S8NM00184,0.76,SENATE,1,SENATE,1,SENATE
DEAN,HELLER,"HELLER, DEAN",H6NV02164,0.15,SENATE,,,0.16,SENATE
CATHERINE,CORTEZ MASTO,"CORTEZ MASTO, CATHERINE",S6NV00200,0.62,SENATE,1,SENATE,1,SENATE
Jacky,Rosen,"Rosen, Jacky",S8NV00156,,,1,SENATE,,
CHARLES,SCHUMER,"SCHUMER, CHARLES",S8NY00082,0.67,SENATE,1,SENATE,1,SENATE
KIRSTEN,GILLIBRAND,"GILLIBRAND, KIRSTEN",P00009290,0.86,SENATE,0.93,SENATE,1,SENATE
ROB,PORTMAN,"PORTMAN, ROB",S0OH00133,0.1,SENATE,0.29,SENATE,0.16,SENATE
SHERROD,BROWN,"BROWN, SHERROD",S6OH00163,0.76,SENATE,1,SENATE,1,SENATE
JAMES,INHOFE,"INHOFE, JAMES",S4OK00083,0.1,SENATE,0,SENATE,0.09,SENATE
JAMES,LANKFORD,"LANKFORD, JAMES",H0OK05114,0.1,SENATE,0,SENATE,0.09,SENATE
JEFF,MERKLEY,"MERKLEY, JEFF",S8OR00207,0.86,SENATE,1,SENATE,1,SENATE
RON,WYDEN,"WYDEN, RON",S6OR00110,0.86,SENATE,1,SENATE,1,SENATE
PAT,TOOMEY,"TOOMEY, PAT",S4PA00121,0.06,SENATE,0,SENATE,0.06,SENATE
ROBERT,CASEY,"CASEY, ROBERT",S6PA00217,0.57,SENATE,1,SENATE,1,SENATE
JACK,REED,"REED, JACK",S6RI00163,0.62,SENATE,1,SENATE,1,SENATE
SHELDON,WHITEHOUSE,"WHITEHOUSE, SHELDON",S6RI00221,0.64,SENATE,0.86,SENATE,1,SENATE
LINDSEY,GRAHAM,"GRAHAM, LINDSEY",S0SC00149,0.09,SENATE,0.29,SENATE,0.19,SENATE
TIM,SCOTT,"SCOTT, TIM",S4SC00240,0.05,SENATE,0.14,SENATE,0.13,SENATE
JOHN,THUNE,"THUNE, JOHN",S2SD00068,0.1,SENATE,0.14,SENATE,0.13,SENATE
MIKE,ROUNDS,"ROUNDS, MIKE",S4SD00049,0.05,SENATE,0.21,SENATE,0.09,SENATE
BOB,CORKER,"CORKER, BOB",S6TN00216,0.14,SENATE,,,0.16,SENATE
LAMAR,ALEXANDER,"ALEXANDER, LAMAR",S2TN00058,0.05,SENATE,0.36,SENATE,0.13,SENATE
Marsha,Blackburn,"Blackburn, Marsha",S8TN00337,,,0.21,SENATE,,
JOHN,CORNYN,"CORNYN, JOHN",S2TX00106,0.05,SENATE,0.07,SENATE,0.13,SENATE
Ted,Cruz,"Cruz, Ted",P60006111,0.23,SENATE,0,SENATE,0.13,SENATE
MIKE,LEE,"LEE, MIKE",S0UT00165,0.36,SENATE,0,SENATE,0.09,SENATE
ORRIN,HATCH,"HATCH, ORRIN",S6UT00063,0.05,SENATE,,,0.13,SENATE
Mitt,Romney,"Romney, Mitt",P80003353,,,0.14,SENATE,,
MARK,WARNER,"WARNER, MARK",S6VA00093,0.62,SENATE,1,SENATE,0.97,SENATE
TIM,KAINE,"KAINE, TIM",S2VA00142,0.67,SENATE,1,SENATE,0.97,SENATE
BERNIE,SANDERS,"SANDERS, BERNIE",P60007168,0.86,SENATE,0.69,SENATE,1,SENATE
PATRICK,LEAHY,"LEAHY, PATRICK",S4VT00017,0.76,SENATE,1,SENATE,1,SENATE
MARIA,CANTWELL,"CANTWELL, MARIA",S8WA00194,0.76,SENATE,1,SENATE,1,SENATE
PATTY,MURRAY,"MURRAY, PATTY",S2WA00189,0.76,SENATE,0.93,SENATE,1,SENATE
RON,JOHNSON,"JOHNSON, RON",S0WI00197,0.14,SENATE,0,SENATE,0.06,SENATE
TAMMY,BALDWIN,"BALDWIN, TAMMY",H8WI00018,0.75,SENATE,1,SENATE,1,SENATE
SHELLEY,MOORE CAPITO,"MOORE CAPITO, SHELLEY",S4WV00159,0.05,SENATE,0.29,SENATE,0.13,SENATE
JOE,MANCHIN,"MANCHIN, JOE",S0WV00090,0.52,SENATE,0.86,SENATE,0.75,SENATE
JOHN,BARRASSO,"BARRASSO, JOHN",S6WY00068,0.19,SENATE,0.07,SENATE,0.03,SENATE
MIKE,ENZI,"ENZI, MIKE",S6WY00126,0.19,SENATE,0.07,SENATE,0.03,SENATE
